account,password
test_0,111111
test_1,111111
test_2,111111
test_3,111111
test_4,111111
test_5,111111
test_6,111111
test_7,111111
test_8,111111
test_9,111111
test_10,111111
test_11,111111
test_12,111111
test_13,111111
test_14,111111
test_15,111111
test_16,111111
test_17,111111
test_18,111111
test_19,111111
test_20,111111
test_21,111111
test_22,111111
test_23,111111
test_24,111111
test_25,111111
test_26,111111
test_27,111111
test_28,111111
test_29,111111
test_30,111111
test_31,111111
test_32,111111
test_33,111111
test_34,111111
test_35,111111
test_36,111111
test_37,111111
test_38,111111
test_39,111111
test_40,111111
test_41,111111
test_42,111111
test_43,111111
test_44,111111
test_45,111111
test_46,111111
test_47,111111
test_48,111111
test_49,111111
test_50,111111
test_51,111111
test_52,111111
test_53,111111
test_54,111111
test_55,111111
test_56,111111
test_57,111111
test_58,111111
test_59,111111
test_60,111111
test_61,111111
test_62,111111
test_63,111111
test_64,111111
test_65,111111
test_66,111111
test_67,111111
test_68,111111
test_69,111111
test_70,111111
test_71,111111
test_72,111111
test_73,111111
test_74,111111
test_75,111111
test_76,111111
test_77,111111
test_78,111111
test_79,111111
test_80,111111
test_81,111111
test_82,111111
test_83,111111
test_84,111111
test_85,111111
test_86,111111
test_87,111111
test_88,111111
test_89,111111
test_90,111111
test_91,111111
test_92,111111
test_93,111111
test_94,111111
test_95,111111
test_96,111111
test_97,111111
test_98,111111
test_99,111111
test_100,111111
test_101,111111
test_102,111111
test_103,111111
test_104,111111
test_105,111111
test_106,111111
test_107,111111
test_108,111111
test_109,111111
test_110,111111
test_111,111111
test_112,111111
test_113,111111
test_114,111111
test_115,111111
test_116,111111
test_117,111111
test_118,111111
test_119,111111
test_120,111111
test_121,111111
test_122,111111
test_123,111111
test_124,111111
test_125,111111
test_126,111111
test_127,111111
test_128,111111
test_129,111111
test_130,111111
test_131,111111
test_132,111111
test_133,111111
test_134,111111
test_135,111111
test_136,111111
test_137,111111
test_138,111111
test_139,111111
test_140,111111
test_141,111111
test_142,111111
test_143,111111
test_144,111111
test_145,111111
test_146,111111
test_147,111111
test_148,111111
test_149,111111
test_150,111111
test_151,111111
test_152,111111
test_153,111111
test_154,111111
test_155,111111
test_156,111111
test_157,111111
test_158,111111
test_159,111111
test_160,111111
test_161,111111
test_162,111111
test_163,111111
test_164,111111
test_165,111111
test_166,111111
test_167,111111
test_168,111111
test_169,111111
test_170,111111
test_171,111111
test_172,111111
test_173,111111
test_174,111111
test_175,111111
test_176,111111
test_177,111111
test_178,111111
test_179,111111
test_180,111111
test_181,111111
test_182,111111
test_183,111111
test_184,111111
test_185,111111
test_186,111111
test_187,111111
test_188,111111
test_189,111111
test_190,111111
test_191,111111
test_192,111111
test_193,111111
test_194,111111
test_195,111111
test_196,111111
test_197,111111
test_198,111111
test_199,111111
test_200,111111
test_201,111111
test_202,111111
test_203,111111
test_204,111111
test_205,111111
test_206,111111
test_207,111111
test_208,111111
test_209,111111
test_210,111111
test_211,111111
test_212,111111
test_213,111111
test_214,111111
test_215,111111
test_216,111111
test_217,111111
test_218,111111
test_219,111111
test_220,111111
test_221,111111
test_222,111111
test_223,111111
test_224,111111
test_225,111111
test_226,111111
test_227,111111
test_228,111111
test_229,111111
test_230,111111
test_231,111111
test_232,111111
test_233,111111
test_234,111111
test_235,111111
test_236,111111
test_237,111111
test_238,111111
test_239,111111
test_240,111111
test_241,111111
test_242,111111
test_243,111111
test_244,111111
test_245,111111
test_246,111111
test_247,111111
test_248,111111
test_249,111111
test_250,111111
test_251,111111
test_252,111111
test_253,111111
test_254,111111
test_255,111111
test_256,111111
test_257,111111
test_258,111111
test_259,111111
test_260,111111
test_261,111111
test_262,111111
test_263,111111
test_264,111111
test_265,111111
test_266,111111
test_267,111111
test_268,111111
test_269,111111
test_270,111111
test_271,111111
test_272,111111
test_273,111111
test_274,111111
test_275,111111
test_276,111111
test_277,111111
test_278,111111
test_279,111111
test_280,111111
test_281,111111
test_282,111111
test_283,111111
test_284,111111
test_285,111111
test_286,111111
test_287,111111
test_288,111111
test_289,111111
test_290,111111
test_291,111111
test_292,111111
test_293,111111
test_294,111111
test_295,111111
test_296,111111
test_297,111111
test_298,111111
test_299,111111
test_300,111111
test_301,111111
test_302,111111
test_303,111111
test_304,111111
test_305,111111
test_306,111111
test_307,111111
test_308,111111
test_309,111111
test_310,111111
test_311,111111
test_312,111111
test_313,111111
test_314,111111
test_315,111111
test_316,111111
test_317,111111
test_318,111111
test_319,111111
test_320,111111
test_321,111111
test_322,111111
test_323,111111
test_324,111111
test_325,111111
test_326,111111
test_327,111111
test_328,111111
test_329,111111
test_330,111111
test_331,111111
test_332,111111
test_333,111111
test_334,111111
test_335,111111
test_336,111111
test_337,111111
test_338,111111
test_339,111111
test_340,111111
test_341,111111
test_342,111111
test_343,111111
test_344,111111
test_345,111111
test_346,111111
test_347,111111
test_348,111111
test_349,111111
test_350,111111
test_351,111111
test_352,111111
test_353,111111
test_354,111111
test_355,111111
test_356,111111
test_357,111111
test_358,111111
test_359,111111
test_360,111111
test_361,111111
test_362,111111
test_363,111111
test_364,111111
test_365,111111
test_366,111111
test_367,111111
test_368,111111
test_369,111111
test_370,111111
test_371,111111
test_372,111111
test_373,111111
test_374,111111
test_375,111111
test_376,111111
test_377,111111
test_378,111111
test_379,111111
test_380,111111
test_381,111111
test_382,111111
test_383,111111
test_384,111111
test_385,111111
test_386,111111
test_387,111111
test_388,111111
test_389,111111
test_390,111111
test_391,111111
test_392,111111
test_393,111111
test_394,111111
test_395,111111
test_396,111111
test_397,111111
test_398,111111
test_399,111111
test_400,111111
test_401,111111
test_402,111111
test_403,111111
test_404,111111
test_405,111111
test_406,111111
test_407,111111
test_408,111111
test_409,111111
test_410,111111
test_411,111111
test_412,111111
test_413,111111
test_414,111111
test_415,111111
test_416,111111
test_417,111111
test_418,111111
test_419,111111
test_420,111111
test_421,111111
test_422,111111
test_423,111111
test_424,111111
test_425,111111
test_426,111111
test_427,111111
test_428,111111
test_429,111111
test_430,111111
test_431,111111
test_432,111111
test_433,111111
test_434,111111
test_435,111111
test_436,111111
test_437,111111
test_438,111111
test_439,111111
test_440,111111
test_441,111111
test_442,111111
test_443,111111
test_444,111111
test_445,111111
test_446,111111
test_447,111111
test_448,111111
test_449,111111
test_450,111111
test_451,111111
test_452,111111
test_453,111111
test_454,111111
test_455,111111
test_456,111111
test_457,111111
test_458,111111
test_459,111111
test_460,111111
test_461,111111
test_462,111111
test_463,111111
test_464,111111
test_465,111111
test_466,111111
test_467,111111
test_468,111111
test_469,111111
test_470,111111
test_471,111111
test_472,111111
test_473,111111
test_474,111111
test_475,111111
test_476,111111
test_477,111111
test_478,111111
test_479,111111
test_480,111111
test_481,111111
test_482,111111
test_483,111111
test_484,111111
test_485,111111
test_486,111111
test_487,111111
test_488,111111
test_489,111111
test_490,111111
test_491,111111
test_492,111111
test_493,111111
test_494,111111
test_495,111111
test_496,111111
test_497,111111
test_498,111111
test_499,111111
test_500,111111
test_501,111111
test_502,111111
test_503,111111
test_504,111111
test_505,111111
test_506,111111
test_507,111111
test_508,111111
test_509,111111
test_510,111111
test_511,111111
test_512,111111
test_513,111111
test_514,111111
test_515,111111
test_516,111111
test_517,111111
test_518,111111
test_519,111111
test_520,111111
test_521,111111
test_522,111111
test_523,111111
test_524,111111
test_525,111111
test_526,111111
test_527,111111
test_528,111111
test_529,111111
test_530,111111
test_531,111111
test_532,111111
test_533,111111
test_534,111111
test_535,111111
test_536,111111
test_537,111111
test_538,111111
test_539,111111
test_540,111111
test_541,111111
test_542,111111
test_543,111111
test_544,111111
test_545,111111
test_546,111111
test_547,111111
test_548,111111
test_549,111111
test_550,111111
test_551,111111
test_552,111111
test_553,111111
test_554,111111
test_555,111111
test_556,111111
test_557,111111
test_558,111111
test_559,111111
test_560,111111
test_561,111111
test_562,111111
test_563,111111
test_564,111111
test_565,111111
test_566,111111
test_567,111111
test_568,111111
test_569,111111
test_570,111111
test_571,111111
test_572,111111
test_573,111111
test_574,111111
test_575,111111
test_576,111111
test_577,111111
test_578,111111
test_579,111111
test_580,111111
test_581,111111
test_582,111111
test_583,111111
test_584,111111
test_585,111111
test_586,111111
test_587,111111
test_588,111111
test_589,111111
test_590,111111
test_591,111111
test_592,111111
test_593,111111
test_594,111111
test_595,111111
test_596,111111
test_597,111111
test_598,111111
test_599,111111
test_600,111111
test_601,111111
test_602,111111
test_603,111111
test_604,111111
test_605,111111
test_606,111111
test_607,111111
test_608,111111
test_609,111111
test_610,111111
test_611,111111
test_612,111111
test_613,111111
test_614,111111
test_615,111111
test_616,111111
test_617,111111
test_618,111111
test_619,111111
test_620,111111
test_621,111111
test_622,111111
test_623,111111
test_624,111111
test_625,111111
test_626,111111
test_627,111111
test_628,111111
test_629,111111
test_630,111111
test_631,111111
test_632,111111
test_633,111111
test_634,111111
test_635,111111
test_636,111111
test_637,111111
test_638,111111
test_639,111111
test_640,111111
test_641,111111
test_642,111111
test_643,111111
test_644,111111
test_645,111111
test_646,111111
test_647,111111
test_648,111111
test_649,111111
test_650,111111
test_651,111111
test_652,111111
test_653,111111
test_654,111111
test_655,111111
test_656,111111
test_657,111111
test_658,111111
test_659,111111
test_660,111111
test_661,111111
test_662,111111
test_663,111111
test_664,111111
test_665,111111
test_666,111111
test_667,111111
test_668,111111
test_669,111111
test_670,111111
test_671,111111
test_672,111111
test_673,111111
test_674,111111
test_675,111111
test_676,111111
test_677,111111
test_678,111111
test_679,111111
test_680,111111
test_681,111111
test_682,111111
test_683,111111
test_684,111111
test_685,111111
test_686,111111
test_687,111111
test_688,111111
test_689,111111
test_690,111111
test_691,111111
test_692,111111
test_693,111111
test_694,111111
test_695,111111
test_696,111111
test_697,111111
test_698,111111
test_699,111111
test_700,111111
test_701,111111
test_702,111111
test_703,111111
test_704,111111
test_705,111111
test_706,111111
test_707,111111
test_708,111111
test_709,111111
test_710,111111
test_711,111111
test_712,111111
test_713,111111
test_714,111111
test_715,111111
test_716,111111
test_717,111111
test_718,111111
test_719,111111
test_720,111111
test_721,111111
test_722,111111
test_723,111111
test_724,111111
test_725,111111
test_726,111111
test_727,111111
test_728,111111
test_729,111111
test_730,111111
test_731,111111
test_732,111111
test_733,111111
test_734,111111
test_735,111111
test_736,111111
test_737,111111
test_738,111111
test_739,111111
test_740,111111
test_741,111111
test_742,111111
test_743,111111
test_744,111111
test_745,111111
test_746,111111
test_747,111111
test_748,111111
test_749,111111
test_750,111111
test_751,111111
test_752,111111
test_753,111111
test_754,111111
test_755,111111
test_756,111111
test_757,111111
test_758,111111
test_759,111111
test_760,111111
test_761,111111
test_762,111111
test_763,111111
test_764,111111
test_765,111111
test_766,111111
test_767,111111
test_768,111111
test_769,111111
test_770,111111
test_771,111111
test_772,111111
test_773,111111
test_774,111111
test_775,111111
test_776,111111
test_777,111111
test_778,111111
test_779,111111
test_780,111111
test_781,111111
test_782,111111
test_783,111111
test_784,111111
test_785,111111
test_786,111111
test_787,111111
test_788,111111
test_789,111111
test_790,111111
test_791,111111
test_792,111111
test_793,111111
test_794,111111
test_795,111111
test_796,111111
test_797,111111
test_798,111111
test_799,111111
test_800,111111
test_801,111111
test_802,111111
test_803,111111
test_804,111111
test_805,111111
test_806,111111
test_807,111111
test_808,111111
test_809,111111
test_810,111111
test_811,111111
test_812,111111
test_813,111111
test_814,111111
test_815,111111
test_816,111111
test_817,111111
test_818,111111
test_819,111111
test_820,111111
test_821,111111
test_822,111111
test_823,111111
test_824,111111
test_825,111111
test_826,111111
test_827,111111
test_828,111111
test_829,111111
test_830,111111
test_831,111111
test_832,111111
test_833,111111
test_834,111111
test_835,111111
test_836,111111
test_837,111111
test_838,111111
test_839,111111
test_840,111111
test_841,111111
test_842,111111
test_843,111111
test_844,111111
test_845,111111
test_846,111111
test_847,111111
test_848,111111
test_849,111111
test_850,111111
test_851,111111
test_852,111111
test_853,111111
test_854,111111
test_855,111111
test_856,111111
test_857,111111
test_858,111111
test_859,111111
test_860,111111
test_861,111111
test_862,111111
test_863,111111
test_864,111111
test_865,111111
test_866,111111
test_867,111111
test_868,111111
test_869,111111
test_870,111111
test_871,111111
test_872,111111
test_873,111111
test_874,111111
test_875,111111
test_876,111111
test_877,111111
test_878,111111
test_879,111111
test_880,111111
test_881,111111
test_882,111111
test_883,111111
test_884,111111
test_885,111111
test_886,111111
test_887,111111
test_888,111111
test_889,111111
test_890,111111
test_891,111111
test_892,111111
test_893,111111
test_894,111111
test_895,111111
test_896,111111
test_897,111111
test_898,111111
test_899,111111
test_900,111111
test_901,111111
test_902,111111
test_903,111111
test_904,111111
test_905,111111
test_906,111111
test_907,111111
test_908,111111
test_909,111111
test_910,111111
test_911,111111
test_912,111111
test_913,111111
test_914,111111
test_915,111111
test_916,111111
test_917,111111
test_918,111111
test_919,111111
test_920,111111
test_921,111111
test_922,111111
test_923,111111
test_924,111111
test_925,111111
test_926,111111
test_927,111111
test_928,111111
test_929,111111
test_930,111111
test_931,111111
test_932,111111
test_933,111111
test_934,111111
test_935,111111
test_936,111111
test_937,111111
test_938,111111
test_939,111111
test_940,111111
test_941,111111
test_942,111111
test_943,111111
test_944,111111
test_945,111111
test_946,111111
test_947,111111
test_948,111111
test_949,111111
test_950,111111
test_951,111111
test_952,111111
test_953,111111
test_954,111111
test_955,111111
test_956,111111
test_957,111111
test_958,111111
test_959,111111
test_960,111111
test_961,111111
test_962,111111
test_963,111111
test_964,111111
test_965,111111
test_966,111111
test_967,111111
test_968,111111
test_969,111111
test_970,111111
test_971,111111
test_972,111111
test_973,111111
test_974,111111
test_975,111111
test_976,111111
test_977,111111
test_978,111111
test_979,111111
test_980,111111
test_981,111111
test_982,111111
test_983,111111
test_984,111111
test_985,111111
test_986,111111
test_987,111111
test_988,111111
test_989,111111
test_990,111111
test_991,111111
test_992,111111
test_993,111111
test_994,111111
test_995,111111
test_996,111111
test_997,111111
test_998,111111
test_999,111111
